feature,importancia
transitos_lag1,0.7048524203262079
lluvia_acum_12m,0.20531192594782233
transitos_lag12,0.050454152050318404
lluvia_mm,0.022557678392721547
mes,0.016823823282929997
